sample	parent_sample	HTO	ADT	VDJ_T	VDJ_B	hash_ident	adt_pca	adt_umap	PCs	resolution	merge_samples	subset_from	batch_correction	on_chip_multiplex	on_chip_multiplex_file
HC_IMM_3	HC_IMM_3	FALSE	FALSE	FALSE	FALSE	NA	FALSE	FALSE	30	0.3	NA	NA	NA	FALSE	NA
HC_IMM_4	HC_IMM_4	FALSE	FALSE	FALSE	FALSE	NA	FALSE	FALSE	30	0.3	NA	NA	NA	FALSE	NA
Mature_B	Mature_B	FALSE	FALSE	FALSE	FALSE	NA	FALSE	FALSE	30	0.3	NA	NA	NA	FALSE	NA
T1D_IMM_1	T1D_IMM_1	FALSE	FALSE	FALSE	FALSE	NA	FALSE	FALSE	30	0.3	NA	NA	NA	FALSE	NA
T1D_IMM_2	T1D_IMM_2	FALSE	FALSE	FALSE	FALSE	NA	FALSE	FALSE	30	0.3	NA	NA	NA	FALSE	NA
T1D_IgMlow_1	T1D_IgMlow_1_T1D_IgMlow_2_HC_IgMlow_1_HC_IgMlow_2	FALSE	FALSE	FALSE	FALSE	NA	FALSE	FALSE	30	0.3	NA	NA	NA	TRUE	files/T1D_IgMlow_1_T1D_IgMlow_2_HC_IgMlow_1_HC_IgMlow_2_onchip_multiplexing.csv
T1D_IgMlow_2	T1D_IgMlow_1_T1D_IgMlow_2_HC_IgMlow_1_HC_IgMlow_2	FALSE	FALSE	FALSE	FALSE	NA	FALSE	FALSE	30	0.3	NA	NA	NA	TRUE	files/T1D_IgMlow_1_T1D_IgMlow_2_HC_IgMlow_1_HC_IgMlow_2_onchip_multiplexing.csv
HC_IgMlow_1	T1D_IgMlow_1_T1D_IgMlow_2_HC_IgMlow_1_HC_IgMlow_2	FALSE	FALSE	FALSE	FALSE	NA	FALSE	FALSE	30	0.3	NA	NA	NA	TRUE	files/T1D_IgMlow_1_T1D_IgMlow_2_HC_IgMlow_1_HC_IgMlow_2_onchip_multiplexing.csv
HC_IgMlow_2	T1D_IgMlow_1_T1D_IgMlow_2_HC_IgMlow_1_HC_IgMlow_2	FALSE	FALSE	FALSE	FALSE	NA	FALSE	FALSE	30	0.3	NA	NA	NA	TRUE	files/T1D_IgMlow_1_T1D_IgMlow_2_HC_IgMlow_1_HC_IgMlow_2_onchip_multiplexing.csv
